run,source_file,engine,started_at_utc,mode,seed,dimension_id,chunk_count,batch_count,total_nanos,provide_nanos,barrier_nanos,worker_cpu_nanos,chunks_per_second,batch_p50_nanos,batch_p95_nanos,batch_p99_nanos,batch_max_nanos,region_p50_nanos,region_p95_nanos,region_p99_nanos,region_max_nanos
"vanilla-1","V1-20260805-145531-581Z-gen-vanilla-dim0.json","vanilla","2026-08-05T14:53:43.467087700Z","gen","20260805","0","10404","2088","58627816200","58578271200","900200","","177.458426","25821000","45299600","66436400","235299300","1605481200","2083620300","2375710400","2375710400"
"vanilla-2","V2-20260805-154143-577Z-gen-vanilla-dim0.json","vanilla","2026-08-05T15:40:00.681930700Z","gen","20260805","0","10404","2088","55638592300","55600985300","896000","","186.992510","24560000","42956700","61382500","221880900","1537743500","1975653400","2323635600","2323635600"
"vanilla-3","V3-20260805-161750-851Z-gen-vanilla-dim0.json","vanilla","2026-08-05T16:16:05.189006500Z","gen","20260805","0","10404","2088","56460995100","56416419100","1062900","","184.268803","24663200","44095700","60502900","229885600","1556842700","2007020700","2380288800","2380288800"
"alfheim-1","A1-20260805-153013-637Z-gen-alfheim-dim0.json","alfheim","2026-08-05T15:28:40.505731Z","gen","20260805","0","10404","2088","51478137800","50650905800","792847400","","202.105213","23524700","35839700","47187000","119968600","1431390600","1767461400","1834115900","1834115900"
"alfheim-2","A2-20260805-160851-088Z-gen-alfheim-dim0.json","alfheim","2026-08-05T16:07:19.058745800Z","gen","20260805","0","10404","2088","49615293100","48805580700","773594400","","209.693410","22510700","34972100","45835800","112386200","1361603700","1701415900","1727739100","1727739100"
"alfheim-3","A3-20260805-163523-159Z-gen-alfheim-dim0.json","alfheim","2026-08-05T16:33:51.131514100Z","gen","20260805","0","10404","2088","48599897800","47815574500","747212800","","214.074524","22073900","33679400","41700600","102196300","1375218300","1565963400","1567551200","1567551200"
"pulsar-1","P1-20260805-151904-789Z-gen-pulsar-dim0.json","pulsar","2026-08-05T15:17:35.022361900Z","gen","20260805","0","10404","2088","48830835000","48754654500","39937300","9250000000","213.062095","22303400","34222300","42263000","133390400","1356447300","1641957500","1656166400","1656166400"
"pulsar-2","P2-20260805-155332-703Z-gen-pulsar-dim0.json","pulsar","2026-08-05T15:52:03.794381500Z","gen","20260805","0","10404","2088","48101527300","48025322100","36673300","10203125000","216.292508","21936200","32923300","44101300","109163500","1370297300","1566541700","1760918000","1760918000"
"pulsar-3","P3-20260805-162617-801Z-gen-pulsar-dim0.json","pulsar","2026-08-05T16:24:45.679296300Z","gen","20260805","0","10404","2088","49035077900","48959694400","38060500","9468750000","212.174640","22369200","33450800","45082100","98551700","1363782100","1555324400","1569394200","1569394200"
